relative_path,book,ext,bytes,sha256,status,poem_ids,notes
All-we-know-of-pleasure-anthology-of-enid-shomer/20260612_025009247_iOS.heic,All-we-know-of-pleasure-anthology-of-enid-shomer,heic,1166292,9b6623c0dd65de38dd5029ffaec1753e39d5eab0ff04273bf618d774777a922e,transcribed,poem-202,
All-we-know-of-pleasure-anthology-of-enid-shomer/20260615_025437900_iOS.heic,All-we-know-of-pleasure-anthology-of-enid-shomer,heic,1097530,9315b5b11e66312aad232d498811c8cb58c4ee33eacc6b6854abdd54e1b7764e,transcribed,poem-203,
All-we-know-of-pleasure-anthology-of-enid-shomer/20260623_023750220_iOS.heic,All-we-know-of-pleasure-anthology-of-enid-shomer,heic,2305768,f58c1c93ae7a99b96df3887cb55f29fa44ac14ba42903d655a3b27562c8871ac,transcribed,poem-204,
Audre-Lorde_The-collected-poems/20260604_014938812_iOS.heic,Audre-Lorde_The-collected-poems,heic,1044656,a300794e98f19eddd3398fdd8227b6fec14dc5043a3f6304827fb24d7f7ce65f,transcribed,poem-001,
Audre-Lorde_The-collected-poems/20260606_014712928_iOS.heic,Audre-Lorde_The-collected-poems,heic,1107768,cf4cccb7c1ff3b5535f1b05bf6af37e3906f971ef5b03fade29bc0e30e336188,transcribed,poem-002,
Audre-Lorde_The-collected-poems/20260606_014948827_iOS.heic,Audre-Lorde_The-collected-poems,heic,1086626,12ff8d199159eb3ec71db716516982791e0a2fcce44746d5f27d2ff3cd359b54,transcribed,poem-003,
Audre-Lorde_The-collected-poems/20260606_021608960_iOS.heic,Audre-Lorde_The-collected-poems,heic,1058524,8822a9d953579b9ea6291427af56ba40c1f43ad33d789d750e8bdbf9ba53a121,transcribed,poem-004,
Audre-Lorde_The-collected-poems/20260606_022304844_iOS.heic,Audre-Lorde_The-collected-poems,heic,1083050,330bd324ead399b6f0666e3f1f3b184a9a3bb0d04a2d064e25d5be1687db8b3d,transcribed,poem-005,
Audre-Lorde_The-collected-poems/20260606_144339406_iOS.heic,Audre-Lorde_The-collected-poems,heic,1701590,e3d56b29911b60314b70f7eaa23d7a304d7667d3e29177d41405c766f6e6f89a,transcribed,poem-006,
Audre-Lorde_The-collected-poems/20260612_003623940_iOS.heic,Audre-Lorde_The-collected-poems,heic,1050321,e4723080aa6fdc78a2591097f338264655648c54e347cc5044cb7a5091443919,transcribed,poem-007,DRAFT: needs human decision
Audre-Lorde_The-collected-poems/20260612_004108975_iOS.heic,Audre-Lorde_The-collected-poems,heic,1025759,99f62b322199c747041a9c59f2e11579cf164ddcb2474ca92afac5f989b6904b,transcribed,poem-008,
Audre-Lorde_The-collected-poems/20260614_124845060_iOS.heic,Audre-Lorde_The-collected-poems,heic,1349793,ddd947f16f20287b1fd5fb8ad964a2e7d66d47f794b9e3bd0d69a51c64d8cc7f,transcribed,poem-009,
Audre-Lorde_The-collected-poems/20260614_124848400_iOS.heic,Audre-Lorde_The-collected-poems,heic,1576039,18f8472824a21ab203f43d6b5892af10bb84b066ee47cc5c2ae15a988d154b92,transcribed,poem-010,
Audre-Lorde_The-collected-poems/20260616_025911133_iOS.heic,Audre-Lorde_The-collected-poems,heic,1023829,74b5fde9d205564dd4456ccb90f347a89dd763b8f331c71893a24470ecb9cfd7,transcribed,poem-011,
Audre-Lorde_The-collected-poems/20260618_021336240_iOS.heic,Audre-Lorde_The-collected-poems,heic,1139617,14b3ae0c055f2a3667c0e49db20668712e2bd28ad3073b98db71480284647150,transcribed,poem-012,
Billy-Collins_Questions-about-angels/IMG_1296.HEIC,Billy-Collins_Questions-about-angels,heic,2764032,6b893d492e308b354e904ad22557c4f2ac6122fa8cf5027c01029fe7b00e7dbd,transcribed,poem-163,
Billy-Collins_Questions-about-angels/IMG_1297.HEIC,Billy-Collins_Questions-about-angels,heic,2874796,d4d13c340379c8584d20fd51b071adfcbfae28c73921c9dde1f9df29ac8954b5,transcribed,poem-163,
Billy-Collins_Questions-about-angels/IMG_1298.HEIC,Billy-Collins_Questions-about-angels,heic,2700279,03e579f690435f5ae286db8b865a7bdb0a8835ab1c5d876d099b06487da0ae79,transcribed,poem-164,
Billy-Collins_Questions-about-angels/IMG_1299.HEIC,Billy-Collins_Questions-about-angels,heic,2714323,72e25497fe7745d633475728ac8b9c2ed720eda576025b95d441cfe44091e3f5,transcribed,poem-164,
Billy-Collins_Questions-about-angels/IMG_1300.HEIC,Billy-Collins_Questions-about-angels,heic,2271517,abd637cb750416e0b4bc1e39cbe4faa387849e64fbf0688af4677a033e0710cd,transcribed,poem-165,
Billy-Collins_Questions-about-angels/IMG_1301.HEIC,Billy-Collins_Questions-about-angels,heic,2711596,c8a483d27179d888abb43b9b452334ae1f68a0a2baf8a9cc6fefad0d1cee3541,transcribed,poem-165,
Billy-Collins_Questions-about-angels/IMG_1302.HEIC,Billy-Collins_Questions-about-angels,heic,2599940,24d88880d3b75239c20f860c4c21441640e59acecdade1e74668f4ae016b57e5,transcribed,poem-166,
Billy-Collins_Questions-about-angels/IMG_1303.HEIC,Billy-Collins_Questions-about-angels,heic,2795865,7636fd2cc0f66bde2959f101c1b1849b9bccfb38c805385d92fa87936ba34d0c,transcribed,poem-166,
Billy-Collins_Questions-about-angels/IMG_1304.HEIC,Billy-Collins_Questions-about-angels,heic,2806902,3b530cc19c7375d3459ae87495b1a64d088500722bc9fb62a22bedd8f2d10ce5,transcribed,poem-167,
Billy-Collins_Questions-about-angels/IMG_1305.HEIC,Billy-Collins_Questions-about-angels,heic,2807268,86dcb9c58542c69354c4ae64611ba993b6861b95c0c1490400a9ef843411e910,transcribed,poem-167,
Charlie-Mackesy_boy-mole-fox-horse/20260503_144101421_iOS.heic,Charlie-Mackesy_boy-mole-fox-horse,heic,2741975,fed03a5f419c1e19ad18c77fa5819e47c82ba24d44f8b2e636829eeb55ef9766,transcribed,poem-115,
Charlie-Mackesy_boy-mole-fox-horse/20260503_144113974_iOS.heic,Charlie-Mackesy_boy-mole-fox-horse,heic,2272462,8775ecccf2fc960336db3c7db67337da7dea83353821540f4bd27c0e428cb0de,transcribed,poem-116,
Charlie-Mackesy_boy-mole-fox-horse/20260503_144152856_iOS.heic,Charlie-Mackesy_boy-mole-fox-horse,heic,2741624,82ce9eef7e65e04a8187d6ed49983ba109e047d9e204342ed9bc86a99cf19a78,transcribed,poem-117,
Charlie-Mackesy_boy-mole-fox-horse/20260503_144358913_iOS.heic,Charlie-Mackesy_boy-mole-fox-horse,heic,1469728,d9f63db6639902814d8e339f7131c1ff0354e8f897dfc11d97d393e70a94b7f4,transcribed,poem-118,
Charlie-Mackesy_boy-mole-fox-horse/20260503_144457017_iOS.heic,Charlie-Mackesy_boy-mole-fox-horse,heic,1595060,2805c158e6788ea913ebc070a53221527b0fc7aa7ea53a97bca6817fd78c78e8,transcribed,poem-119,
Charlie-Mackesy_boy-mole-fox-horse/20260503_144535902_iOS.heic,Charlie-Mackesy_boy-mole-fox-horse,heic,2868036,2f21c7ba299b4fd5e714d290bba0a6d69bfcb7dcaa57f4a7da41984fbaf82247,transcribed,poem-120,
Charlie-Mackesy_boy-mole-fox-horse/20260503_144628701_iOS.heic,Charlie-Mackesy_boy-mole-fox-horse,heic,1544056,4f22bd9d58a96663cf29ae581aa96ae3867c81289a2fbb7fd2aa1c1a8ad067df,transcribed,poem-121,
Charlie-Mackesy_boy-mole-fox-horse/20260503_144744584_iOS.heic,Charlie-Mackesy_boy-mole-fox-horse,heic,1438315,9b1c5def30350f90ecd8b6edc32f9c37521f3da83bd6331f5a5dcc6f942d1015,transcribed,poem-122,
Charlie-Mackesy_boy-mole-fox-horse/20260503_144808114_iOS.heic,Charlie-Mackesy_boy-mole-fox-horse,heic,1542836,b6d7385dfbd0562855df272a40418abf1f09eb6d539ba65c846eab57670c294a,transcribed,poem-123,
Charlie-Mackesy_boy-mole-fox-horse/20260503_144859923_iOS.heic,Charlie-Mackesy_boy-mole-fox-horse,heic,1565792,e13c24679694bf6dc5f2da9795a2826ae7ef2f8586d2b9f0dc06d63f092bda89,transcribed,poem-124,
Charlie-Mackesy_boy-mole-fox-horse/20260503_144927959_iOS.heic,Charlie-Mackesy_boy-mole-fox-horse,heic,1727853,ffc5cbcb7c2c090399caf6d14708f51d50fc6ea8bcebb08cf92ab29d787f09d3,transcribed,poem-125,
Charlie-Mackesy_boy-mole-fox-horse/20260503_145009756_iOS.heic,Charlie-Mackesy_boy-mole-fox-horse,heic,2769540,bcd2304dc618e53e755fbdbf80d9318e487c134500fe85aed220ac75e4b99c70,transcribed,poem-126,
Charlie-Mackesy_boy-mole-fox-horse/20260503_145037952_iOS.heic,Charlie-Mackesy_boy-mole-fox-horse,heic,2499903,289772623a4a313fa0dd2709e2e819d2119404bd20b56e04ce49cb4bd1cd1ff5,transcribed,poem-127,
Charlie-Mackesy_boy-mole-fox-horse/20260503_145104684_iOS.heic,Charlie-Mackesy_boy-mole-fox-horse,heic,2594332,893ca7293fd2d7bb3175fcbf0fc6c3322a4056b297f6338f79fbc841c866c4ce,transcribed,poem-128,
Charlie-Mackesy_boy-mole-fox-horse/20260503_145148008_iOS.heic,Charlie-Mackesy_boy-mole-fox-horse,heic,1216369,0c34b9a60600cc0dfd9f7c6cbaff458a97bb0a256fc2d28fb5f825ee045f835b,transcribed,poem-129,
Essex-Hemphill_Thread/Thread text.jpg,Essex-Hemphill_Thread,jpg,689854,5d6b91df9f972477bac59745842ec2b0003260170bfd9ea7d3c8909f64bb259f,transcribed,poem-201,
Kaveh-akbar_calling-a-wolf-a-wolf/20260503_140910870_iOS.heic,Kaveh-akbar_calling-a-wolf-a-wolf,heic,1746009,e7877ba2542a63f58b04ac3805de03b1e2511a178e3cd38992574a1504e25599,transcribed,poem-176,
Kaveh-akbar_calling-a-wolf-a-wolf/20260503_140927183_iOS.heic,Kaveh-akbar_calling-a-wolf-a-wolf,heic,2402029,0fb1663f54914158c040b08209fe1359c8789f0d2beea84b0b5797fa238a8aee,transcribed,poem-177,
Lamentations-of-Nezahualcoyotl/20260508_023403213_iOS.heic,Lamentations-of-Nezahualcoyotl,heic,1057577,471390f20c236d02c82b7919814f3663e86522bb3a2e27b8bd28a23fe1522e8d,needs_manual_text,poem-038,
Lamentations-of-Nezahualcoyotl/20260508_024104663_iOS.heic,Lamentations-of-Nezahualcoyotl,heic,1043095,5897520e427cc20d23ee8bdae315801510b69fd1b756955f9e94e487b3ec2027,transcribed,poem-037,
Lamentations-of-Nezahualcoyotl/20260508_024127693_iOS.heic,Lamentations-of-Nezahualcoyotl,heic,2673288,b96e8f7e96ce2505707750e29820dfc016abbd0f4cc391de688101ec07ce4368,transcribed,poem-037,
Lana-Del-Rey_Violet-bent-backwards-over-the-grass/20260503_152855358_iOS.heic,Lana-Del-Rey_Violet-bent-backwards-over-the-grass,heic,1460719,a22117dfa19e2e3b26e611576997a7cbf0f11f93fbd25d05084d02fc2641ab55,transcribed,poem-180,
Lana-Del-Rey_Violet-bent-backwards-over-the-grass/20260503_153305215_iOS.heic,Lana-Del-Rey_Violet-bent-backwards-over-the-grass,heic,1413981,36706bd34f442ad254ad6052bc113751b6f9c140daa344052cf84e3903b37e4a,transcribed,poem-181,
Lao-Tsu_Tao-Te-Ching/20260504_023107123_iOS.heic,Lao-Tsu_Tao-Te-Ching,heic,1007200,c49ef549872319b2a17fd4d6edf95047b554ff71f25ae5635210529d8d457f79,transcribed,poem-013,
Lao-Tsu_Tao-Te-Ching/20260504_023220456_iOS.heic,Lao-Tsu_Tao-Te-Ching,heic,1077957,a16eed89e5499fd1114b2f716225877255043cdcfd6dc7cfaf52fc7ee2cc25ed,transcribed,poem-014,
Lao-Tsu_Tao-Te-Ching/20260504_023256141_iOS.heic,Lao-Tsu_Tao-Te-Ching,heic,998591,eaf5432cecd72901cef903ae806087dcc6861c2c8dea44b4938a27d71515fa72,transcribed,poem-015,
Lao-Tsu_Tao-Te-Ching/20260504_024642927_iOS.heic,Lao-Tsu_Tao-Te-Ching,heic,1105272,422f6295ef60213e239ec220734030fcd75c2bfefb39c03acd5bb448aef02fd4,transcribed,poem-016,
Lao-Tsu_Tao-Te-Ching/20260505_021218010_iOS.heic,Lao-Tsu_Tao-Te-Ching,heic,1117957,e92e62a2721129177f7288cd5172123d88f4594c560a90c1ede40f69b93738ec,transcribed,poem-017,
Pablo-Neruda_Twenty-love-poems-and-a-song-of-despair/20260607_131913203_iOS.heic,Pablo-Neruda_Twenty-love-poems-and-a-song-of-despair,heic,1978232,a0b31a3bb8da74f94beb1e26385b65886a234ba8b1d67569e9ac196299b81c69,transcribed,poem-168,
Pablo-Neruda_Twenty-love-poems-and-a-song-of-despair/20260611_034108727_iOS.heic,Pablo-Neruda_Twenty-love-poems-and-a-song-of-despair,heic,1138521,7cc153a42e51c0cfd4715507dfda8e95af66802502deaff6fb3b8ee72a0be623,transcribed,poem-169,
Pablo-Neruda_Twenty-love-poems-and-a-song-of-despair/20260611_034215041_iOS.heic,Pablo-Neruda_Twenty-love-poems-and-a-song-of-despair,heic,1121486,93e875b111afbf8957351e80c8c3436cb77b52121f28ac395edf1ab5b4ab19a0,transcribed,poem-169,
Pablo-Neruda_Twenty-love-poems-and-a-song-of-despair/20260611_034534756_iOS.heic,Pablo-Neruda_Twenty-love-poems-and-a-song-of-despair,heic,1145331,9906dd3cdbea1475d83ba70c6113002cc438ab71adb4e0e96d4f823efb96af41,transcribed,poem-170,
Paul-Goodman_Black-Mountain-Poems/20260505_155151597_iOS.heic,Paul-Goodman_Black-Mountain-Poems,heic,1274756,3f4e5fa4326d32219fd744c40c00cfd8bafe9f19ccef83e233e1132a303cc43c,transcribed,poem-143,
Richard-Siken_Crush/20260503_161450077_iOS.heic,Richard-Siken_Crush,heic,1626243,6f0d38618de8ef57a860b9e9ab483b51a822ce004e614c5ad3879e6710f65c18,transcribed,poem-178,
Richard-Siken_Crush/20260503_162210331_iOS.heic,Richard-Siken_Crush,heic,1668004,e63e1b700ec07ea4a2d1bad5cfd5c9862dd5da94d00bc0bee6ff42a65bb16f54,transcribed,poem-179,
Robert-Frost_The-road-not-taken-and-other-poems/20260512_013538480_iOS.heic,Robert-Frost_The-road-not-taken-and-other-poems,heic,2341376,3645e29adde68bf7027e58b8c723d5ff3c0d41194dbeebc45e36b0f755d3038b,transcribed,poem-173,
Robert-Frost_The-road-not-taken-and-other-poems/20260512_014323042_iOS.heic,Robert-Frost_The-road-not-taken-and-other-poems,heic,1062849,f7283a778a531772824b1f4e8afeeb9f861216a2941c1d67711da8537d110a88,transcribed,poem-174,
Robert-Frost_The-road-not-taken-and-other-poems/20260519_014657171_iOS.heic,Robert-Frost_The-road-not-taken-and-other-poems,heic,1111223,9f7eff2be24852fc82c41307644dc50ea84b6b72d0c0f3105faf80b992de93e5,transcribed,poem-175,
Rumi-Water/20260204_043820662_iOS.heic,Rumi-Water,heic,1129033,b3f20b552562a0aadb5bcb58c0918a557769aa89bf95f1d2114fd3170819cf90,needs_manual_text,poem-111,
Rumi-Water/20260204_043920064_iOS.heic,Rumi-Water,heic,1041220,7074a0ded6fe261ab10fd06e4f049c12fa0f054d427d13e8428e0d73aae3da73,transcribed,poem-097,
Rumi-Water/20260204_044026309_iOS.heic,Rumi-Water,heic,1130260,f4d093bea6c963459556e6d9c5275f942f84156231af5bbcbf59092d288a3f19,transcribed,poem-097,
Rumi-Water/20260204_044123160_iOS.heic,Rumi-Water,heic,978943,85bc0ab546d0236d8d0165e20599eaeffa01bb3ca63225a93aea64cd15b8dcb7,transcribed,poem-098,
Rumi-Water/20260204_044127657_iOS.heic,Rumi-Water,heic,1100061,f9bc55dd1206a359ce02f1ab519dcef397c0cb7db75de4ae24a99013a4cfeea3,transcribed,poem-098,
Rumi-Water/20260204_204319709_iOS.heic,Rumi-Water,heic,1179575,a1b0eb54c955f8b204d83ef56a2cbd1519ba3341ff480d82b014e7841d0b385f,needs_manual_text,poem-107,
Rumi-Water/20260204_204548897_iOS.heic,Rumi-Water,heic,1181463,cf4ead39870b14efcc9cadd93faae351dedda2b4a917afc9a7a196fd396ed6a8,transcribed,poem-099,
Rumi-Water/20260204_204620576_iOS.heic,Rumi-Water,heic,3198678,6c634aa5c3d7245873773a225e58f5f331da8b0bfbb6b80c8b663ddfdcaba1cd,transcribed,poem-099,
Rumi-Water/20260204_204703322_iOS.heic,Rumi-Water,heic,1149474,b54762c643bf91eaf395932209e61d26969ccd0392f2a1acc02842b5bd0ee496,transcribed,poem-100,
Rumi-Water/20260204_204904688_iOS.heic,Rumi-Water,heic,1129210,99ab8913d12c6dd1d99410ec777911ac2c61b3251fd52a9dae59606c013f5afc,transcribed,poem-101,
Rumi-Water/20260204_205346396_iOS.heic,Rumi-Water,heic,1167786,6b1d1584a6eff9f3c8c269556b0c504de7c7fba5980989a5b2d498f2154b85e5,needs_manual_text,poem-108,
Rumi-Water/20260208_034754620_iOS.heic,Rumi-Water,heic,1039028,a3e7e7140ee8d347590f64b1f20ba154aeee9d06aa4602ea691369ed89141eed,needs_manual_text,poem-114,
Rumi-Water/20260306_031814637_iOS.heic,Rumi-Water,heic,1050505,3926b7b529abde081d4701ae1ef4fdada3bb8300d453c8d718e8ddbdd18b2c13,needs_manual_text,poem-112,
Rumi-Water/20260320_022100315_iOS.heic,Rumi-Water,heic,1069248,b2c2b3cc5274658b0e263be6edcb95e437ecf1cf9e375a342566c3386c835a2c,needs_manual_text,poem-113,
Rumi-Water/20260320_022105436_iOS.heic,Rumi-Water,heic,1045253,8c33aebe714375083c314c6cbade6daae85f72496fb4fe373c590dd31a497cff,needs_manual_text,poem-109,
Rumi-Water/20260320_022105952_iOS.heic,Rumi-Water,heic,1054608,a51631eb597d7d080cafe13d953338dd57cd3586c58970674e0fd59a19386dde,needs_manual_text,poem-109,
Rumi-Water/20260416_203103949_iOS.heic,Rumi-Water,heic,1382308,fb3ec4a6543150d4ba4a0c8f00ed4263160c34aceb2601520668b5d64bcd5f82,transcribed,poem-102,
Rumi-Water/20260418_153809986_iOS.heic,Rumi-Water,heic,1841232,2ec274eff2f31208f70150e192124ca84d30f7c317f734c74774fb4742e38c93,transcribed,poem-106,
Rumi-Water/20260428_024653577_iOS.heic,Rumi-Water,heic,1047532,d58e54ca2c5efcdd64f49b271d6c422c563cfa3597a2c3dd9c029e9e22a1da41,transcribed,poem-103,
Rumi-Water/20260428_024805746_iOS.heic,Rumi-Water,heic,1062205,1466f242be26be88fabc4c825a7bd581d078303e33bce123bf5afa272035e257,needs_manual_text,poem-110,
Rumi-Water/20260428_024851741_iOS.heic,Rumi-Water,heic,1076928,ad487d0843fb246c750b940dd48d49388116a29334a91c8d313f2d04780a974e,transcribed,poem-104,
Rumi-Water/20260430_021906471_iOS.heic,Rumi-Water,heic,1041864,92067823f8f3132d739fda8f059a9252dbfec27465a23ef1aea267b9c2301fb9,transcribed,poem-105,
Rupi-Kaur_Home-body/20260503_142919926_iOS.heic,Rupi-Kaur_Home-body,heic,1686804,f248fd9c727c5f3030adc6289e74668c36bdb43c77e6b0bb719fed6f41ca1d21,transcribed,poem-187,
Rupi-Kaur_Home-body/20260503_143309031_iOS.heic,Rupi-Kaur_Home-body,heic,1700612,8b91c0b2da004b53d7375bf7934fc887e057dc992b43e8f4f0d5c9538d12e901,transcribed,poem-188,
Rupi-Kaur_Home-body/20260503_143406869_iOS.heic,Rupi-Kaur_Home-body,heic,1611999,d2aec1438f04c44e1ff12188a414a988de33998bb29c588aa3ca8476c1d6f268,transcribed,poem-189,
Rupi-Kaur_Love-poems/20260620_133553327_iOS.heic,Rupi-Kaur_Love-poems,heic,1433356,0d7e07222c15fee7239c4e517f18fdc303a94d5c31731479b0dea025b30b515b,transcribed,poem-190,
Rupi-Kaur_Love-poems/20260620_133630440_iOS.heic,Rupi-Kaur_Love-poems,heic,1418176,99e5cc7adfc6dd5737a75b53fe314abbfdd852b4f3ac59ebeac195e5c6721663,needs_manual_text,poem-191,
Rupi-Kaur_Love-poems/20260620_134233639_iOS.heic,Rupi-Kaur_Love-poems,heic,1502105,66f0223981c0fc7a1a2a6018dee150d2833471f44efbd6a0074c30db7461a267,needs_manual_text,poem-192,
Rupi-Kaur_Milk-and-honey/20260503_141513973_iOS.heic,Rupi-Kaur_Milk-and-honey,heic,1676600,d99343a7c0844c0a8d91de060fb8f12dfe41b55bf19e551dbb2e63180f9ab526,transcribed,poem-182,
Rupi-Kaur_Milk-and-honey/20260503_141522464_iOS.heic,Rupi-Kaur_Milk-and-honey,heic,1554178,588da2a20d7fd48b8b9eced199bc0bbf38180d2c45ec11623dba86ff431f36ac,transcribed,poem-183,
Rupi-Kaur_The-sun-and-her-flowers/20260503_141244720_iOS.heic,Rupi-Kaur_The-sun-and-her-flowers,heic,1233765,04286d31942328e49dc6b70afc012c007458c1ca0a719e09a8415985e8f1039d,transcribed,poem-184,
Rupi-Kaur_The-sun-and-her-flowers/20260503_141252485_iOS.heic,Rupi-Kaur_The-sun-and-her-flowers,heic,1283916,3625d4c82ea523e565166165887fb187a2480b231f59360034ac6364d0d6bcd1,transcribed,poem-185,
Rupi-Kaur_The-sun-and-her-flowers/20260503_141304751_iOS.heic,Rupi-Kaur_The-sun-and-her-flowers,heic,2052631,bdac7b895e7322e39ad9532bada2cc8d8d9867ae28809be9c491bb564f1b7fa7,transcribed,poem-186,
Sappho_a-new-translation-of-the-complete-works/20260602_031559317_iOS.heic,Sappho_a-new-translation-of-the-complete-works,heic,1214257,7565f85c1185456c9a275a980d458479e8bf166c1ae5f0f78aca89e9bd23d44e,transcribed,poem-039,
Sappho_a-new-translation-of-the-complete-works/20260605_024741327_iOS.heic,Sappho_a-new-translation-of-the-complete-works,heic,1092186,79b8ddc745190883086767bb6642f0912bf3741a6fb3795e65a50644c97d7c09,transcribed,poem-040,
Sappho_a-new-translation-of-the-complete-works/20260605_024918358_iOS.heic,Sappho_a-new-translation-of-the-complete-works,heic,1120570,81ba66d1286dd99a3e912c350f6161815adb0d6d9cb980b579aad4771a4578fc,transcribed,poem-041,
Sappho_a-new-translation-of-the-complete-works/20260605_025435349_iOS.heic,Sappho_a-new-translation-of-the-complete-works,heic,1042626,3ae3ed1c7c8c307c48f28b84b47fc066f51209d728473f884d7c94bb8e06d740,transcribed,poem-042,
Sappho_a-new-translation-of-the-complete-works/20260610_023655878_iOS.heic,Sappho_a-new-translation-of-the-complete-works,heic,1084121,fe587044aeafc967c8efc891c01a8fead4c0299bcb925c36573a2a560980bb2b,needs_manual_text,poem-054,
Sappho_a-new-translation-of-the-complete-works/20260611_031709158_iOS.heic,Sappho_a-new-translation-of-the-complete-works,heic,1062312,0d1556a44b70936e8b4eccab7ad9bd5d7171b97c62a1c20140fd6efd8ca16b03,transcribed,poem-043,
Sappho_a-new-translation-of-the-complete-works/20260611_031752745_iOS.heic,Sappho_a-new-translation-of-the-complete-works,heic,1041875,97f6e11a29987c9845629678c23dca2d467e7e4fd647e8bdb1dd351023e2f36d,transcribed,poem-044;poem-045,
Sappho_a-new-translation-of-the-complete-works/20260611_031905542_iOS.heic,Sappho_a-new-translation-of-the-complete-works,heic,1071933,1a9f3dbecf9001ed15c65225d593648c499979054490c1fadc8a11ffb2c3960d,transcribed,poem-046,
Sappho_a-new-translation-of-the-complete-works/20260611_032157505_iOS.heic,Sappho_a-new-translation-of-the-complete-works,heic,1021144,d45a5fd4bdd7d2d2adeeea4a7c6943e28015c3bc4836360db414173f9240d39a,transcribed,poem-047;poem-048,
Sappho_a-new-translation-of-the-complete-works/20260611_032239287_iOS.heic,Sappho_a-new-translation-of-the-complete-works,heic,1021648,231baa44b29d30a4ef108c949b518d774c44fca2fe0ffb019adea088ce1150f9,transcribed,poem-049;poem-050,
Sappho_a-new-translation-of-the-complete-works/20260611_032416696_iOS.heic,Sappho_a-new-translation-of-the-complete-works,heic,1039799,58f7efb4d434068e776a69c83beba4a69b6ea2dde27bb580cc6bf3a1dbf02bed,transcribed,poem-051;poem-052,
Sappho_a-new-translation-of-the-complete-works/20260611_032423858_iOS.heic,Sappho_a-new-translation-of-the-complete-works,heic,1007916,c7c7c1ff874141edf8a01becf497745fcf4df1e60f1f68ce09af70686745b536,transcribed,poem-053,
Soseki-Natsume_Collected-Haiku/20260505_023511997_iOS.heic,Soseki-Natsume_Collected-Haiku,heic,1060632,9c9b7c52d6c073b07995214f1a202dd33e18ea3d8ea406e3bb04774106ee7147,transcribed,poem-055,
Soseki-Natsume_Collected-Haiku/20260505_023521050_iOS.heic,Soseki-Natsume_Collected-Haiku,heic,1061088,5c92fb2a017415863a10c63ff0de3f28483e7648dab57da4174999b22b385ef1,transcribed,poem-056,
Soseki-Natsume_Collected-Haiku/20260505_023552545_iOS.heic,Soseki-Natsume_Collected-Haiku,heic,1081553,d6f1c5d1a06d57236f6f62c9868d114da45d70aaa63fda4460206230eca07a42,transcribed,poem-057,
Soseki-Natsume_Collected-Haiku/20260505_023636568_iOS.heic,Soseki-Natsume_Collected-Haiku,heic,1109334,37cec5c8cbfe65906cb1106a81323d09fd3515e1f28bfbe211272867aa984a61,transcribed,poem-058,
Soseki-Natsume_Collected-Haiku/20260505_024033044_iOS.heic,Soseki-Natsume_Collected-Haiku,heic,1035868,2f9bb863a355e4c5992261a2a64f6290c41ba7a63af8ceae8025f5352de9ad73,transcribed,poem-059,
Soseki-Natsume_Collected-Haiku/20260505_024105452_iOS.heic,Soseki-Natsume_Collected-Haiku,heic,1089203,8423eefb4bd6fbe42602ec3b81e3b561aec0ed974a0e3354ffad87b0404f75cb,transcribed,poem-060,
Soseki-Natsume_Collected-Haiku/20260505_024825399_iOS.heic,Soseki-Natsume_Collected-Haiku,heic,1066821,13a8aad423fe6dd63663e25b3142d6217577f15628b547fafda5798ce7f59cc5,transcribed,poem-061,
Soseki-Natsume_Collected-Haiku/20260505_025214354_iOS.heic,Soseki-Natsume_Collected-Haiku,heic,1105631,60d7461797e39e0841758e89fc29df3c79860630c6ea8399329d2f3930336e51,transcribed,poem-062,
Soseki-Natsume_Collected-Haiku/20260505_025620042_iOS.heic,Soseki-Natsume_Collected-Haiku,heic,1085036,c9bb2fa21f6f066e412c12bfbecd99cf39d1f9f1e3371bd92ee5764cac2a7a07,transcribed,poem-063,
Soseki-Natsume_Collected-Haiku/20260505_025734265_iOS.heic,Soseki-Natsume_Collected-Haiku,heic,1073985,653077efd1d6a674a9584241c46baf3d9c15d1f13f6492f0447f1b084e561737,transcribed,poem-064,
Soseki-Natsume_Collected-Haiku/20260505_025843975_iOS.heic,Soseki-Natsume_Collected-Haiku,heic,1099350,c49474174ebd0ef35e253b0acd97205468d0041ab3b4cd0f6f1c7d237bf0ee76,transcribed,poem-065,
Soseki-Natsume_Collected-Haiku/20260505_030108950_iOS.heic,Soseki-Natsume_Collected-Haiku,heic,1023123,b8e5970dfa5d037d54af8744056dff4e905aa75c30b8627c2da076f61020f5f3,transcribed,poem-066,
Soseki-Natsume_Collected-Haiku/20260509_023920877_iOS.heic,Soseki-Natsume_Collected-Haiku,heic,1165184,e90414841c5aa1ea09f24aa01cbd0d9c39871bb7e8ddc6a9f148e72449f4ceec,transcribed,poem-067,
Soseki-Natsume_Collected-Haiku/20260511_014829951_iOS.heic,Soseki-Natsume_Collected-Haiku,heic,1090954,2b2adaef56773906b7187e71159f05893f2574b0e48f0b4c1b9a65fe82bf335c,transcribed,poem-068,
Soseki-Natsume_Collected-Haiku/20260511_014921523_iOS.heic,Soseki-Natsume_Collected-Haiku,heic,1059268,bf1d60de02d583e3193aa81c368dc7c3a6195182a98270d13ab3020189b4a44b,transcribed,poem-069;poem-070,
Soseki-Natsume_Collected-Haiku/20260511_015016447_iOS.heic,Soseki-Natsume_Collected-Haiku,heic,1083047,fd9fd3f059c8f64d05b8a991e8b9cfb9734a8f2f8233387d4db17ab1507c8300,transcribed,poem-071,
Soseki-Natsume_Collected-Haiku/20260511_015603010_iOS.heic,Soseki-Natsume_Collected-Haiku,heic,1050115,9a4169dcb8f4255372c0880d388cfc774a3a7f2e0edcba7d95b20d47b015a43f,transcribed,poem-072,
Soseki-Natsume_Collected-Haiku/20260511_015606035_iOS.heic,Soseki-Natsume_Collected-Haiku,heic,1062089,f4da89cbbc828721950dd9a00e49a0dd31f38244137bf2b2f3d6d406a208a3dc,transcribed,poem-073,
Soseki-Natsume_Collected-Haiku/20260511_015631142_iOS.heic,Soseki-Natsume_Collected-Haiku,heic,1060494,45ce95002bbc6c03a342e9845f8097f21e3a9c43a7ef95f7dd5c05ff3a7f1a5f,transcribed,poem-074,
Soseki-Natsume_Collected-Haiku/20260511_015830022_iOS.heic,Soseki-Natsume_Collected-Haiku,heic,1074624,c11d54fff2cb6171de8031c99bed520975b1e1df472e2e175f4ea375f51421ef,transcribed,poem-075,
Soseki-Natsume_Collected-Haiku/20260511_020036055_iOS.heic,Soseki-Natsume_Collected-Haiku,heic,1075100,781e41dd6c95f4de96234cc311849bbe48185d05c5a6985276d94496c6194e61,transcribed,poem-076,
Soseki-Natsume_Collected-Haiku/20260517_132441339_iOS.heic,Soseki-Natsume_Collected-Haiku,heic,1146039,54c2f94f81b58ebe66068e5ca7a47591cdd5ca37d80975b2f29ff4720d2c844b,transcribed,poem-077;poem-078,
Soseki-Natsume_Collected-Haiku/20260517_132446982_iOS.heic,Soseki-Natsume_Collected-Haiku,heic,1237624,627b0b81e86b5eb54a0bc2bc1aacc37bb7c49e3dbc76e0bd1a35a8fec1f9ff36,transcribed,poem-079;poem-080,
Soseki-Natsume_Collected-Haiku/20260517_133020712_iOS.heic,Soseki-Natsume_Collected-Haiku,heic,1105869,05d7991ec26d2fe92fbfc349a5b3a43e7d12632e811807c3cc03a47f99e12ee6,transcribed,poem-081,
Soseki-Natsume_Collected-Haiku/20260517_133158994_iOS.heic,Soseki-Natsume_Collected-Haiku,heic,1202914,6c52086d8dd15ef078f5a8c8e99bce0543c254de54291eb6bbc6c2461f5337f8,transcribed,poem-082,
Soseki-Natsume_Collected-Haiku/20260517_133616163_iOS.heic,Soseki-Natsume_Collected-Haiku,heic,1084189,2ba1834805efeb8ec28ade439e4f647d0667a8ae201992df6f0fc8b1ea3440b8,transcribed,poem-083;poem-084,
Soseki-Natsume_Collected-Haiku/20260520_022413524_iOS.heic,Soseki-Natsume_Collected-Haiku,heic,1016680,217d51c30f756bcccaff27df4489bb0bd45298289e19b4e3aa286d54ccce51b6,transcribed,poem-085,
Soseki-Natsume_Collected-Haiku/20260520_022542262_iOS.heic,Soseki-Natsume_Collected-Haiku,heic,528531,9a50df77a5fc9b255299168c749a2bca9402d2eb407931ff5fdb9da6995349d2,transcribed,poem-086,
Soseki-Natsume_Collected-Haiku/20260520_022819918_iOS.heic,Soseki-Natsume_Collected-Haiku,heic,1161911,16fd3fee7612c32d1d2b69a9eb11011b5e4557e0ed2bdf773bc3355406a227af,transcribed,poem-087;poem-088,
Soseki-Natsume_Collected-Haiku/20260529_030051446_iOS.heic,Soseki-Natsume_Collected-Haiku,heic,1215389,436b7874e98b76566cc60bdc74c85dfc33df761658fc58e84482cb7a74c94781,transcribed,poem-089,
Soseki-Natsume_Collected-Haiku/20260529_030327314_iOS.heic,Soseki-Natsume_Collected-Haiku,heic,1034409,a231d81827dbaa3d24e240f49804dd442d11c6b8a20b895b35f04208a14ab090,transcribed,poem-090,
Soseki-Natsume_Collected-Haiku/20260611_040022697_iOS.heic,Soseki-Natsume_Collected-Haiku,heic,2289428,86d3178da7a1aac24b016f2acd173289433c216093bed56359aee8366a12021e,transcribed,poem-091,
Soseki-Natsume_Collected-Haiku/20260611_041213328_iOS.heic,Soseki-Natsume_Collected-Haiku,heic,2249167,f7042e09cf3246ccd61c2fc3f5375d89816a56b82d903e82264d0c7f010a88e1,transcribed,poem-092;poem-093,
Soseki-Natsume_Collected-Haiku/20260618_015256191_iOS.heic,Soseki-Natsume_Collected-Haiku,heic,1110351,e1ee8a0f7a384006bbeff0dbff1b15b1940177419cc936f58b1eacb1a0e8a657,transcribed,poem-094;poem-095;poem-096,
Taras-Shevchenko_The-poet-of-ukraine/20260505_193630835_iOS.heic,Taras-Shevchenko_The-poet-of-ukraine,heic,2881269,e142fe03a0d73b61fe0f84574747061ccea25d0c9de9ec8f019b2d08f39dc9b4,needs_manual_text,poem-035,
Taras-Shevchenko_The-poet-of-ukraine/20260505_193706712_iOS.heic,Taras-Shevchenko_The-poet-of-ukraine,heic,2889141,3f5a8118d515dfaa5973582bcca0032a1e99105135bd465f9a5fdcc40af3c854,needs_manual_text,poem-035,
Taras-Shevchenko_The-poet-of-ukraine/20260505_203340830_iOS.heic,Taras-Shevchenko_The-poet-of-ukraine,heic,1348747,1b9e8ee25d48c84bd0ab5976a92994c3919ec3a7e3d29f1403930c3611d72292,transcribed,poem-034,
Taras-Shevchenko_The-poet-of-ukraine/20260505_203351874_iOS.heic,Taras-Shevchenko_The-poet-of-ukraine,heic,2161377,796ce4f85ca215b9e61306ab75f87c8f2bc978d2fb1310d284b46cc2c7891985,transcribed,poem-034,
The-Rag-and-Bone-Shop-of-the-Heart/20260507_020301874_iOS.heic,The-Rag-and-Bone-Shop-of-the-Heart,heic,1104346,2d78c18afb3347eea1cfa385b094e5107881637c1f848915da7b3f2d5e6def14,transcribed,poem-148,
The-Rag-and-Bone-Shop-of-the-Heart/20260507_020440225_iOS.heic,The-Rag-and-Bone-Shop-of-the-Heart,heic,1176822,a48b77f8475570aa14663c06644b8554e021f7ebce658ac87879050d725cc31b,transcribed,poem-149,
The-Rag-and-Bone-Shop-of-the-Heart/20260507_021610031_iOS.heic,The-Rag-and-Bone-Shop-of-the-Heart,heic,1245071,eb71ebb968183a7f02a8035ef63ba375f23f645cb1bf367a4def60b5c76f8e7e,transcribed,poem-150,
The-Rag-and-Bone-Shop-of-the-Heart/20260507_021857442_iOS.heic,The-Rag-and-Bone-Shop-of-the-Heart,heic,1157654,f785a31dfff044b74a71e27e465eed8550ad3d0a19db85bdaa34c90f956bbd3b,transcribed,poem-151,
The-Rag-and-Bone-Shop-of-the-Heart/20260507_021909939_iOS.heic,The-Rag-and-Bone-Shop-of-the-Heart,heic,1154057,34eacb816b91e2dd14a7fbd22f11fc718823113a8bd7be930764727313dc600d,transcribed,poem-151,
The-Rag-and-Bone-Shop-of-the-Heart/20260508_211401164_iOS.heic,The-Rag-and-Bone-Shop-of-the-Heart,heic,1125207,8450b3f3ba3dc962d5b44636c997eaf852c58a6cf19e590e380b4bf22f7b46b8,transcribed,poem-152,
The-Rag-and-Bone-Shop-of-the-Heart/20260508_232324301_iOS.heic,The-Rag-and-Bone-Shop-of-the-Heart,heic,2108155,2a7028cce0a1188b7e2f3616d1b40b10c592ca1a631b7ff0c9f578f502fe3ce6,transcribed,poem-153,
The-Rag-and-Bone-Shop-of-the-Heart/20260509_120822515_iOS.heic,The-Rag-and-Bone-Shop-of-the-Heart,heic,4197557,2db505386543cce11f4a57cd56dfdc058dc3777d11c920d00cfc2c02132fcf98,transcribed,poem-154,
The-Rag-and-Bone-Shop-of-the-Heart/20260509_120829005_iOS.heic,The-Rag-and-Bone-Shop-of-the-Heart,heic,1600963,87dfb00ba7939e13163808049e801c269bd72a739236125fa1b2abdb98be07db,transcribed,poem-154,
The-Rag-and-Bone-Shop-of-the-Heart/20260509_121324816_iOS.heic,The-Rag-and-Bone-Shop-of-the-Heart,heic,1446478,bd61bee283278846dc8d94e425847409f6192c07c7c103d9867fc0fa0e83486f,transcribed,poem-155,
The-Rag-and-Bone-Shop-of-the-Heart/20260509_185054754_iOS.heic,The-Rag-and-Bone-Shop-of-the-Heart,heic,2036738,6a80b9e51b5e7c6bc305e621d43684a41a1e39cff9f747489f0931bbea15f507,transcribed,poem-156,
The-Rag-and-Bone-Shop-of-the-Heart/20260512_022241527_iOS.heic,The-Rag-and-Bone-Shop-of-the-Heart,heic,1082963,fab1325c51be9ddbeb72d16e25795cca2cf334ec1fe9c478a83ab4ff13e10bea,transcribed,poem-157,
The-Rag-and-Bone-Shop-of-the-Heart/20260514_012503223_iOS.heic,The-Rag-and-Bone-Shop-of-the-Heart,heic,1200053,6bd6ecb73d392a05f6e64b6bba53f47bedaa051735d4fa6db42b45f0158d3142,transcribed,poem-158,
The-Rag-and-Bone-Shop-of-the-Heart/20260514_013920613_iOS.heic,The-Rag-and-Bone-Shop-of-the-Heart,heic,2788937,bafd0fcaaa4034d7b24ac71f44bc237c8cd5df694d4c069676f9697e4bc8a144,transcribed,poem-159,
The-Rag-and-Bone-Shop-of-the-Heart/20260526_030206847_iOS.heic,The-Rag-and-Bone-Shop-of-the-Heart,heic,1187574,870e53d3847f194ad1a64e4d8e4311037d26adb0224a9411b0bf07103fac9f87,transcribed,poem-160,
The-Rag-and-Bone-Shop-of-the-Heart/20260529_001831076_iOS.heic,The-Rag-and-Bone-Shop-of-the-Heart,heic,1059804,73619fe2674889545433fbd468bca2385349d7e0a15fde932e30820af4f1c111,transcribed,poem-161,
The-Rag-and-Bone-Shop-of-the-Heart/20260529_012228475_iOS.heic,The-Rag-and-Bone-Shop-of-the-Heart,heic,1050130,33b5a745e11263f7d87fe72ea0d96757434d04c3e88e4a653def571733b717ce,transcribed,poem-162,
William-Shakespeare_Shakespeares-sonnets/20260620_130744180_iOS.heic,William-Shakespeare_Shakespeares-sonnets,heic,1712579,d00869f0834d979ffd395163072f3223844a4f40d4a8a4d141508472cd7a4ed7,transcribed,poem-018,
William-Shakespeare_Shakespeares-sonnets/20260621_122548020_iOS.heic,William-Shakespeare_Shakespeares-sonnets,heic,1380622,57e111c6a102f309d8a5ce63fbe12622f3e5e24a81414bbabe08b9ca918cd955,transcribed,poem-019,
William-Shakespeare_Shakespeares-sonnets/20260621_122558797_iOS.heic,William-Shakespeare_Shakespeares-sonnets,heic,1222137,112afb75861a21756fb7b8dfd83e4e7bd387b537df1c956486ef695b7d8c7bd2,transcribed,poem-019,
William-Shakespeare_Shakespeares-sonnets/20260621_123207094_iOS.heic,William-Shakespeare_Shakespeares-sonnets,heic,1362094,44937ccb74254c9e79672bed9b9f4e0d16dfa8914a00f73667dcec37c57767fc,transcribed,poem-020,
William-Shakespeare_Shakespeares-sonnets/20260621_123220009_iOS.heic,William-Shakespeare_Shakespeares-sonnets,heic,1528855,d220c96475990d7b3c0556aea525dc2148abc27d9c08d9da8092f09fcb93e95e,transcribed,poem-020,
William-Shakespeare_Shakespeares-sonnets/20260621_124045583_iOS.heic,William-Shakespeare_Shakespeares-sonnets,heic,1397956,7731c26bb5ae8b6e2ee1cf8f5a09959f4a56906b6d541112344cac671d539c82,transcribed,poem-021,
William-Shakespeare_Shakespeares-sonnets/20260624_121529253_iOS.heic,William-Shakespeare_Shakespeares-sonnets,heic,1344460,f2c3bb4767a93d3f9f01ebb77f9f2ebc9d5a472614d266e1a37c8408aa3a3165,transcribed,poem-021,
William-Shakespeare_Shakespeares-sonnets/20260624_122031851_iOS.heic,William-Shakespeare_Shakespeares-sonnets,heic,1595836,7f7f7885dd5a1f125aba149919878d9eae307a37e9a76dee74a6db23ed863299,transcribed,poem-022,
William-Shakespeare_Shakespeares-sonnets/20260624_123319411_iOS.heic,William-Shakespeare_Shakespeares-sonnets,heic,1678537,139035e628b4e22ca5d735f7cfed70e03cacd6eea8b2af6bcd85c1b00899ecf5,transcribed,poem-023,
William-Shakespeare_Shakespeares-sonnets/20260703_143913237_iOS.heic,William-Shakespeare_Shakespeares-sonnets,heic,3245773,80d655e2de9ca1edbff55dbd2e2b2f08578c59b9ed71c5a91f4d3dc00c760bdc,transcribed,poem-024;poem-025,
William-Shakespeare_Shakespeares-sonnets/20260703_144300348_iOS.heic,William-Shakespeare_Shakespeares-sonnets,heic,1294092,e2ee484198c1fcf0cacf7ad7779b81c9861a529e25c3425158cc8dba2c96cdb8,transcribed,poem-026,
William-Shakespeare_Shakespeares-sonnets/20260703_145852446_iOS.heic,William-Shakespeare_Shakespeares-sonnets,heic,1311835,8e760b71e9f0ac7d95d5ba3e7b3e6b4b37e49169f86d4a5e4fd8de5aef5d01f0,transcribed,poem-027,
William-Shakespeare_Shakespeares-sonnets/20260703_150342547_iOS.heic,William-Shakespeare_Shakespeares-sonnets,heic,1440856,bcd9aee7e24de6464a7afcc6b149c7ee4f27b803bce2da497639599fadb80d49,transcribed,poem-028;poem-029,
William-Shakespeare_Shakespeares-sonnets/20260703_151313517_iOS.heic,William-Shakespeare_Shakespeares-sonnets,heic,1336978,27496909bfcc2ab8ab64ff38bf2782146e243c97cbd77a3a86b0250397f1bf73,transcribed,poem-030,
William-Shakespeare_Shakespeares-sonnets/20260703_153715641_iOS.heic,William-Shakespeare_Shakespeares-sonnets,heic,1214021,868af8d6a0e9fa166482e6e3c21b670dbb501bdceb834ea01142633222c0d894,transcribed,poem-031,
William-Shakespeare_Shakespeares-sonnets/20260703_154119787_iOS.heic,William-Shakespeare_Shakespeares-sonnets,heic,1232678,cc0f9d196cb684d512d9e13d6aab976d5fdda28791e735351b17024b296d5cd7,transcribed,poem-032,
William-Shakespeare_Shakespeares-sonnets/20260703_154426138_iOS.heic,William-Shakespeare_Shakespeares-sonnets,heic,1321951,c6ee85371f019da7006b15b0f199b5021dad4d5fc89c0069506d2426dd533aeb,transcribed,poem-033,
andrusyshen-and-kirkconnell_the-ukranian-poets-1189-1962/20260701_122516558_iOS.heic,andrusyshen-and-kirkconnell_the-ukranian-poets-1189-1962,heic,1405145,cc2b08005c77f673e1d80ff52db8547edd1963fd1d807e26003eadd5e41ae7dd,transcribed,poem-036,
andrusyshen-and-kirkconnell_the-ukranian-poets-1189-1962/20260701_122520360_iOS.heic,andrusyshen-and-kirkconnell_the-ukranian-poets-1189-1962,heic,1324439,fe884e5a93a80f0b7c66f3c58f4660f97d54083283006fb32a42593fd42f9427,transcribed,poem-036,
e-e-cummings_Erotic-poems/20260503_170043041_iOS.heic,e-e-cummings_Erotic-poems,heic,1526026,359904d9331a7c0b6bc9d1e7d8cb732aeb5b123257a0a2168d7b149e7bc903ac,transcribed,poem-193,
e-e-cummings_Erotic-poems/20260503_170227290_iOS.heic,e-e-cummings_Erotic-poems,heic,1694336,7f386de4e321db8db02ac70437eea4b738656ca8d89e49e2ca75a84eb3e5198e,transcribed,poem-194,
e-e-cummings_Erotic-poems/20260503_170504221_iOS.heic,e-e-cummings_Erotic-poems,heic,1511270,3ba4176c63e731b1a8cdb44abaccc95303bee4ff296fe350f07f64bc1dd3bac9,transcribed,poem-195,
e-e-cummings_Erotic-poems/20260503_171029626_iOS.heic,e-e-cummings_Erotic-poems,heic,1772118,80f571597eac08d3936bd597d99b6132317a2704614c759715c509439d45458a,transcribed,poem-196,
e-e-cummings_Erotic-poems/20260503_171139985_iOS.heic,e-e-cummings_Erotic-poems,heic,1549424,7ed8c66cb724681c9a6d78d17442057194295a0b66661272086e0a562595f827,transcribed,poem-197,
e-e-cummings_Erotic-poems/20260503_171407979_iOS.heic,e-e-cummings_Erotic-poems,heic,1608314,598b3c59e2a565a99ce3d493cecc43b94a5e1da07333c9de8cf383b97218172e,transcribed,poem-198,
e-e-cummings_Erotic-poems/20260503_171429655_iOS.heic,e-e-cummings_Erotic-poems,heic,1527716,c3355beba907d17d189c07fd20feb95a2c2b728ad5e19cd9b2a76ef9690e6ec2,transcribed,poem-198,
e-e-cummings_Erotic-poems/20260503_171553150_iOS.heic,e-e-cummings_Erotic-poems,heic,2001094,b7ddbd205ffbeccc80c33e1c3337fdac369bb8e78cf15a73bd1edb51fbc0c556,transcribed,poem-199,
e-e-cummings_Erotic-poems/20260503_171952959_iOS.heic,e-e-cummings_Erotic-poems,heic,2155349,d397b6f1a018ed02a7ebcfe8586cc8a8fe0407003a378bb88ad56b2c7cec15d5,transcribed,poem-200,
the-poetry-of-pablo-neruda/20260622_025439353_iOS.heic,the-poetry-of-pablo-neruda,heic,1211902,74049407d449cd6bb5b91259308667987e0b88e7abf9824598c3aa9da3dc106f,transcribed,poem-171,
the-poetry-of-pablo-neruda/20260622_030431444_iOS.heic,the-poetry-of-pablo-neruda,heic,1159412,3cd19f56c1c561996b544a62b037eda7c69fdf5486574b446ebc5e9684d47464,transcribed,poem-172,
the-poetry-of-pablo-neruda/20260622_030435191_iOS.heic,the-poetry-of-pablo-neruda,heic,1116629,b0bb1fd1f2426ef918a80ae8187a74b44970f4bb00baae8630fb02d4d5634dfe,transcribed,poem-172,
the-singing-word-168-years-of-poetry-from-the-atlantic/IMG_1336.HEIC,the-singing-word-168-years-of-poetry-from-the-atlantic,heic,3959078,2544149d161aa6a85e71fc2cfc2f10a1ccb508dc07312009878a8fe2ea455a44,transcribed,poem-130,
the-singing-word-168-years-of-poetry-from-the-atlantic/IMG_1337.HEIC,the-singing-word-168-years-of-poetry-from-the-atlantic,heic,4070041,9e75c0a83def150fad4a7219ce68cc919c3bd4a066240ab885f14efe5d55d00a,transcribed,poem-131,
the-singing-word-168-years-of-poetry-from-the-atlantic/IMG_1338.HEIC,the-singing-word-168-years-of-poetry-from-the-atlantic,heic,4114026,89a81285ef19f5e15ca1959d2b930d778a1d94f1426e0a90ffa5558c1d5caa92,transcribed,poem-132,
the-singing-word-168-years-of-poetry-from-the-atlantic/IMG_1339.HEIC,the-singing-word-168-years-of-poetry-from-the-atlantic,heic,3910546,9a4d1a4f9e943445f5d9b9995deb680b2d660541fcc6097dde584373407ad57f,needs_manual_text,poem-205,
the-singing-word-168-years-of-poetry-from-the-atlantic/IMG_1340.HEIC,the-singing-word-168-years-of-poetry-from-the-atlantic,heic,3966739,51c2acceacd5af1f9ea3080fb1a58759cff021e3efbea41f5f8ed42d4adebb39,needs_manual_text,poem-205,
the-singing-word-168-years-of-poetry-from-the-atlantic/IMG_1341.HEIC,the-singing-word-168-years-of-poetry-from-the-atlantic,heic,3994059,5eadb03eaf8709fbcecd2cf045863501129e1d6115922b78ac10986269690bbd,transcribed,poem-134,
the-singing-word-168-years-of-poetry-from-the-atlantic/IMG_1342.HEIC,the-singing-word-168-years-of-poetry-from-the-atlantic,heic,3927001,ec08ce5777b0bef39d0a50e33823ef286a91e8b086b36b3827fee7e8344b4b06,transcribed,poem-135,
the-singing-word-168-years-of-poetry-from-the-atlantic/IMG_1343.HEIC,the-singing-word-168-years-of-poetry-from-the-atlantic,heic,3830878,b655b8322734b070217581c7a07c85b538aaa1fac4ea5237ebcb4dd94ddd97ea,transcribed,poem-136,
the-singing-word-168-years-of-poetry-from-the-atlantic/IMG_1344.HEIC,the-singing-word-168-years-of-poetry-from-the-atlantic,heic,3888452,6a0458688e98c6aacf4f8aad1e759be99db5d65b4eb13b142ef8dcaaec8fea64,transcribed,poem-137,
the-singing-word-168-years-of-poetry-from-the-atlantic/IMG_1345.HEIC,the-singing-word-168-years-of-poetry-from-the-atlantic,heic,2242449,b737360ee1f2f90968f785fc28c632e7d1569552ee42995a5d4a8863652eef83,transcribed,poem-138,
the-singing-word-168-years-of-poetry-from-the-atlantic/IMG_1346.HEIC,the-singing-word-168-years-of-poetry-from-the-atlantic,heic,3929909,95258519b8e3f4db4b6273657fe7e9ca1da1d5e5d4178950e1dc3dd314c02a09,transcribed,poem-138,
the-singing-word-168-years-of-poetry-from-the-atlantic/IMG_1347.HEIC,the-singing-word-168-years-of-poetry-from-the-atlantic,heic,3699436,9145665cde494590b93d346b3add9b463aae73b03ea81b6a1ddfa7d633e4a34e,transcribed,poem-138,
the-singing-word-168-years-of-poetry-from-the-atlantic/IMG_1348.HEIC,the-singing-word-168-years-of-poetry-from-the-atlantic,heic,3962986,2fdd49649f2b9bfcadeccaa3130c85ec23f0cb7331d7a52498fefa50e85f2e06,transcribed,poem-139,
the-singing-word-168-years-of-poetry-from-the-atlantic/IMG_1349.HEIC,the-singing-word-168-years-of-poetry-from-the-atlantic,heic,3703744,a5ffc3c9a2b8a60b1b21f9369bb52dbdbe1162fe68a03c0c5e54af7f9174a2c7,transcribed,poem-139,
the-singing-word-168-years-of-poetry-from-the-atlantic/IMG_1350.HEIC,the-singing-word-168-years-of-poetry-from-the-atlantic,heic,3538073,b168161a87f4cbd0762a19f2b4b94ccdcc40c03c920eadd8c675c0bbae344d48,transcribed,poem-140,
the-singing-word-168-years-of-poetry-from-the-atlantic/IMG_1351.HEIC,the-singing-word-168-years-of-poetry-from-the-atlantic,heic,3882580,28f3a20a07174f180b6fbd5d77c5339926b3eab5f96d02566e068f52d4d9e21e,needs_manual_text,poem-141,
the-singing-word-168-years-of-poetry-from-the-atlantic/IMG_1352.HEIC,the-singing-word-168-years-of-poetry-from-the-atlantic,heic,3906229,1bb8f45da475fdde08a6f8e211d7ce1d7b1d0d36ec36e05e81be621c8a89c2d7,transcribed,poem-145,
the-singing-word-168-years-of-poetry-from-the-atlantic/IMG_1353.HEIC,the-singing-word-168-years-of-poetry-from-the-atlantic,heic,3113906,ad232d0c21915638916325f140a058aeffcdac8318e4cff671b954932f06e71b,transcribed,poem-144,
the-singing-word-168-years-of-poetry-from-the-atlantic/IMG_1354.HEIC,the-singing-word-168-years-of-poetry-from-the-atlantic,heic,4031909,a2686d2786302140cff238dd406f3f174f25d3f25b4136fa0d24172500794748,transcribed,poem-144,
the-singing-word-168-years-of-poetry-from-the-atlantic/IMG_1355.HEIC,the-singing-word-168-years-of-poetry-from-the-atlantic,heic,3885565,77ff1639dc8a0aa5e68b6472daa21a5080a3459b2ef347827085686909f10fcd,transcribed,poem-146,
the-singing-word-168-years-of-poetry-from-the-atlantic/IMG_1356.HEIC,the-singing-word-168-years-of-poetry-from-the-atlantic,heic,3905299,76b25c2751d2a6a0f2e0cd06200e3989edc539e8735da3273fc34b9b1ea00c2d,transcribed,poem-147,
this-is-just-a-joke-weird-poetry-book-from-daddy/20260623_013704574_iOS.heic,this-is-just-a-joke-weird-poetry-book-from-daddy,heic,1113601,be0d2dec2961adf9ea18dbbf5d6c89d4e0b6b18fb0550e3a0c62bc41235ac7c8,transcribed,poem-142,
